{"cameraMode":{"drawMode":0,"name":"Shaded","section":"Shading Mode"},"sceneLighting":true,"audioPlay":false,"sceneViewState":{"showFog":true,"showMaterialUpdate":false,"showSkybox":true,"showFlares":true,"showImageEffects":true,"showParticleSystems":true},"in2DMode":false,"pivot":{"x":6.271871089935303,"y":1.3228906393051148,"z":664.452880859375},"rotation":{"x":0.27391964197158816,"y":-0.2163495272397995,"z":0.06338506937026978,"w":0.9349567294120789},"size":13.470014572143555,"orthographic":false}