{"cameraMode":{"drawMode":0,"name":"Shaded","section":"Shading Mode"},"sceneLighting":true,"audioPlay":false,"sceneViewState":{"showFog":true,"showMaterialUpdate":false,"showSkybox":true,"showFlares":true,"showImageEffects":true,"showParticleSystems":true},"in2DMode":false,"pivot":{"x":1.612933874130249,"y":1.1607376337051392,"z":-2.485502004623413},"rotation":{"x":0.004875072743743658,"y":0.9934691190719605,"z":-0.10409484058618546,"w":0.04652418941259384},"size":3.2800567150115969,"orthographic":false}