{"cameraMode":{"drawMode":0,"name":"Shaded","section":"Shading Mode"},"sceneLighting":true,"audioPlay":false,"sceneViewState":{"showFog":true,"showMaterialUpdate":false,"showSkybox":true,"showFlares":true,"showImageEffects":true,"showParticleSystems":true},"in2DMode":false,"pivot":{"x":-0.15395985543727876,"y":1.9966719150543213,"z":-11.180150985717774},"rotation":{"x":-0.12358102947473526,"y":0.0035643659066408874,"z":-0.000444450241047889,"w":-0.992331326007843},"size":9.430450439453125,"orthographic":false}